name,official_website,hq_country,category,one_line_description,notable,verification_url,status
Maltego,https://www.maltego.com/,Germany,Investigation / link analysis,Graph-based OSINT and cyber investigation platform with transforms across 120+ data providers.,Acquired/backed via Charlesbank (2023); ~$100M growth funding announced; ISO 27001 certified.,https://www.maltego.com/,APPROVED
ShadowDragon Horizon,https://shadowdragon.io/,USA,Investigation / link analysis,"Enterprise OSINT platform (Horizon + SocialNet) for collection, identity enrichment, monitoring, and link analysis.",SOC 2 Type II; positions strongly on ethical/unattributed collection.,https://shadowdragon.io/,APPROVED
Social Links,https://sociallinks.io/,USA,Social media / web intelligence,"SOCMINT and OSINT suite (Crimewall, API) spanning 500+ social, messenger, blockchain, and dark-web sources.","Legal entities in US, Netherlands (Amstelveen), and Latvia; Frost & Sullivan OSINT leader mentions.",https://sociallinks.io/,APPROVED
Blackdot Videris,https://blackdotsolutions.com/,United Kingdom,Investigation / link analysis,"End-to-end OSINT investigation platform (Videris) with search, network visualization, automation, and audit trails.",UK-built; strong emphasis on evidence packages for investigators.,https://blackdotsolutions.com/,APPROVED
Skopenow,https://www.skopenow.com/,USA,Investigation / link analysis,"AI-assisted OSINT research suite combining people, crime, news, and media data with link analysis.",NYC-based investigative platform marketed to LE and insurance/fraud teams.,https://www.skopenow.com/,APPROVED
Cobwebs Technologies (PenLink),https://www.cobwebs.com/,USA,Investigation / web intelligence,"Web investigation platform for AI-assisted monitoring, social/deep/dark-web research, and graph analysis.",Joined PenLink (July 2023) to expand digital investigative platform; Israeli roots / US commercial presence.,https://www.penlink.com/press-release/cobwebs-technologies-joins-penlink-to-expand-its-digital-investigative-platform/,APPROVED
i2 Analyst's Notebook,https://i2group.com/solutions/i2-analysts-notebook,United Kingdom,Investigation / link analysis,Long-standing visual analysis desktop/subscription platform for turning disparate data into actionable intelligence graphs.,30+ year LE staple; now offered via subscription bundles with connectors.,https://i2group.com/solutions/i2-analysts-notebook,APPROVED
Palantir Gotham/Foundry,https://www.palantir.com/offerings/intelligence/,USA,Investigation / analytics platform,Enterprise data integration and analysis platforms used by intelligence and large investigations (not a pure OSINT collector).,Controversial among privacy advocates; requires customer-fed data; high cost/complexity.,https://www.palantir.com/offerings/intelligence/,APPROVED
OSINT Industries,https://www.osint.industries/,United Kingdom,People / identity search,"Web OSINT search for email, phone, username, name, and crypto wallets across 1500+ sources with timeline/map views.",Claims 5000+ LE departments; privacy-first (no stored search results) messaging; credit-based pricing.,https://www.osint.industries/,APPROVED
Pipl,https://pipl.com/,USA,People / identity search,"Enterprise identity intelligence / fraud risk suite (Search, Trust, Elements) built on a long-running global identity graph.",Shifted from consumer people-search box to sales-led enterprise fraud/identity products.,https://pipl.com/,APPROVED
Spokeo,https://www.spokeo.com/,USA,People / identity search,"US-focused people-search SaaS for name, phone, address, email, and social profile lookups from public records.",Consumer-oriented; privacy/opt-out debates common in people-search sector.,https://www.spokeo.com/,APPROVED
Babel Street,https://www.babelstreet.com/,USA,Social media / web intelligence,Enterprise/government multilingual risk and identity intelligence platform (agentic AI positioning).,Strong gov/LE footprint; Reston VA area HQ listings.,https://www.babelstreet.com/,APPROVED
Dataminr,https://www.dataminr.com/,USA,Social media / web intelligence,"Real-time AI event, threat, and risk intelligence from public data streams (news/social/sensors).",Leader for crisis/alert velocity vs deeper narrative analysis tools.,https://www.dataminr.com/,APPROVED
Brandwatch,https://www.brandwatch.com/,United Kingdom,Brand / digital risk / social listening,Enterprise social listening and consumer intelligence platform (volume and integrations focus).,Part of Cision group; more marketing/PR than classic investigative OSINT.,https://www.brandwatch.com/,APPROVED
Meltwater,https://www.meltwater.com/,Norway,Brand / digital risk / social listening,"Media, social, and consumer intelligence platform for PR and brand monitoring.",Norwegian roots / public-company history; overlaps OSINT for reputation use cases.,https://www.meltwater.com/,APPROVED
Pulsar Platform,https://www.pulsarplatform.com/,United Kingdom,Social media / web intelligence,Audience- and narrative-led social intelligence platform for communities and story attribution.,Often compared with Dataminr/Brandwatch on methodology fit rather than raw volume.,https://www.pulsarplatform.com/,APPROVED
Recorded Future,https://www.recordedfuture.com/,USA,Threat intel / attack surface,"Large commercial threat intelligence platform covering open web, dark web, actor context, DRP, and third-party risk.",Premium enterprise pricing; Insikt Group human analysis + Intelligence Graph.,https://www.recordedfuture.com/,APPROVED
Flashpoint,https://www.flashpoint.io/,USA,Threat intel / dark web,"Intelligence platform (Ignite) for cyber, fraud, and physical/national-security risk from adversary and underground sources.",Audax PE majority investment (2021); NYC-based.,https://www.flashpoint.io/,APPROVED
Cybersixgill (Bitsight),https://cybersixgill.com/,Israel,Threat intel / dark web,"Automated CTI from deep/dark web forums, markets, and invite-only chats with SaaS/API delivery.",Acquired by Bitsight (deal announced/completed late 2024).,https://www.bitsight.com/press-releases/bitsight-completes-acquisition-cyber-threat-intelligence-leader-cybersixgill,APPROVED
Flare,https://flare.io/,Canada,Dark web monitoring,Identity-first CTI and dark-web/Telegram/stealer-log monitoring with remediation-oriented workflows.,Montreal HQ; strong mid-market positioning vs enterprise TIP giants.,https://flare.io/,APPROVED
ZeroFox,https://www.zerofox.com/,USA,Brand / digital risk,"External cybersecurity / digital risk platform combining dark-web intel, asset discovery, validation, and takedown/disruption.",Taken private by Haveli Investments (2024).,https://www.zerofox.com/press-release/haveli-completes-acquisition-of-zerofox/,APPROVED
SOCRadar,https://socradar.io/,Turkey,Threat intel / brand protection,"Extended threat intelligence platform spanning CTI, brand protection, dark web, and external attack surface monitoring.",Often cited as more accessible mid-market alternative to premium TIPs.,https://socradar.io/,APPROVED
SpyCloud,https://spycloud.com/,USA,Dark web / identity exposure,Identity threat protection using recaptured dark-web/malware data with automated credential remediation integrations.,Austin-based; focused on exposure-to-reset workflows vs full OSINT investigation UI.,https://spycloud.com/,APPROVED
ReliaQuest (Digital Shadows),https://www.reliaquest.com/,USA,Brand / digital risk,GreyMatter SOC platform incorporating Digital Shadows DRP for open/deep/dark-web digital risk monitoring.,Digital Shadows acquired by ReliaQuest (2022; ~$160M reported).,https://reliaquest.com/blog/reliaquest-digital-shadows-next-stage/,APPROVED
Intelligence X,https://intelx.io/,Czech Republic,Dark web / search archive,"Selector-based search engine and historical archive across darknet, leaks, whois, and document-sharing sources.",EU-based (Prague); privacy/EU-server positioning; founder Peter Kleissner.,https://intelx.io/about,APPROVED
Group-IB,https://www.group-ib.com/,Singapore,Threat intel / digital risk,"Cybersecurity company offering threat intelligence, attack-surface, fraud, and digital-risk products.",Global HQ moved to Singapore; regional HQ Dubai; Russian origins historically noted in coverage.,https://www.group-ib.com/media-center/press-releases/gib-singapore-hq/,APPROVED
Censys,https://censys.com/,USA,Threat intel / attack surface,"Internet intelligence platform for discovering exposed hosts, services, certificates, and attack-surface insights.",Core internet-scan dataset widely used by security/OSINT practitioners.,https://censys.com/,APPROVED
Shodan,https://www.shodan.io/,USA,Threat intel / attack surface,"Search engine for internet-connected devices, services, banners, and vulnerabilities with monitoring/API.",Iconic OSINT/recon tool; usage policies and OPSEC considerations for investigators.,https://www.shodan.io/,APPROVED
DomainTools,https://www.domaintools.com/,USA,Threat intel / DNS intelligence,"DNS, WHOIS, passive DNS, and certificate intelligence for infrastructure-led investigations (Iris).",Strong for domain pivoting and historical DNS evidence.,https://www.domaintools.com/,APPROVED
Netcraft,https://www.netcraft.com/,United Kingdom,Brand / digital risk,"Phishing, scam, and malicious-site detection with takedown/disruption services.",UK-based; long-running internet security research brand.,https://www.netcraft.com/,APPROVED
Sayari Graph,https://sayari.com/,USA,People / corporate intelligence,"Corporate ownership, trade, and supply-network graph platform for due diligence and investigations.",Washington DC HQ; complementary to classic SOCMINT tools.,https://sayari.com/platform/graph/,APPROVED
Planet,https://www.planet.com/,USA,Geospatial / imagery,Daily Earth observation constellation delivering near-daily revisit imagery for monitoring and change detection.,Commercial GEOINT staple; free/limited access programs for some research/news use.,https://www.planet.com/,APPROVED
Vantor (formerly Maxar Intelligence),https://www.vantor.com/,USA,Geospatial / imagery,Spatial intelligence company (formerly Maxar Intelligence) providing high-res satellite imagery and AI geospatial platform Tensorglobe.,Rebranded from Maxar Intelligence to Vantor on 2025-10-01; Advent International PE-owned; Space Systems sibling rebranded Lanteris.,https://www.businesswire.com/news/home/20251001760322/en/Vantor-Rebrands-from-Maxar-Intelligence-Unveils-AI-Powered-Platform,APPROVED
PimEyes,https://pimeyes.com/en,Poland,People / biometric search,Face recognition search engine / reverse image search across publicly indexed face photos.,Frequent privacy/ethics controversy; high OPSEC and legal-review priority for EU buyers.,https://pimeyes.com/en,APPROVED
Confidion Sentry,https://sentry.confidion.com/,Canada,Investigation / protective intelligence,"Enterprise OSINT/web-intel platform for entity profiles, watchlists, and real-time monitoring across web/social/dark web.","Confidion Consulting & Technologies Inc., Halifax NS; Canadian-hosted; also offers Indicia screening.",https://sentry.confidion.com/,APPROVED
Styx Intelligence,https://styxintel.com/,Canada,Brand / digital risk,"Digital risk platform combining AI monitoring (brand, exec, dark web) with analyst validation and takedowns.",Vancouver BC HQ (777 Dunsmuir); Austin TX office; founded ~2020; Canadian DRP vendor.,https://styxintel.com/platform,APPROVED
Epieos,https://epieos.com/,France,People / identity search,OSINT email/phone reverse-lookup tool mapping identifiers to social profiles without logging queries or notifying targets.,Founded by Sylvain Hajri (2020 product; SAS registered Paris 2022); EU-hosted; free + private LE/pro tiers; claims no query logging.,https://epieos.com/,APPROVED
